CUSTOMER_ID,CITY,PROVINCE,COUNTRY,POSTCODE,LATITUDE,LONGITUDE,GENDER,DOB
856,York,ON,Canada,M6C3G5,43.695471,-79.428684,M,1930-09-23
859,Brampton,ON,Canada,L7A1P2,43.67991,-79.821535,M,1942-11-10
885,Etobicoke,ON,Canada,M9P2P2,43.699526,-79.540524,M,1919-09-06
1182,Toronto,ON,Canada,M5B1H9,43.661448,-79.378027,M,1941-08-14
1857,Etobicoke,ON,Canada,M9A4R2,43.67722,-79.523,M,1923-06-22
2599,Toronto,ON,Canada,M4M2P7,43.656293,-79.339359,M,1966-05-28
2842,Mississauga,ON,Canada,L5W1L6,43.633781,-79.727402,F,1924-06-19
2886,MARKHAM,ON,Canada,L3P2Y5,43.884573,-79.244467,F,1979-01-11
3168,Scarborough,ON,Canada,M1E1H8,43.741105,-79.200693,M,1968-04-27
3203,Scarborough,ON,Canada,M1T1L9,43.771171,-79.311339,M,1929-04-20
3510,Scarborough,ON,Canada,M1K1X6,43.711968,-79.264138,M,1942-03-08
4120,York,ON,Canada,M6C3B8,43.695986,-79.426052,M,1977-01-24
4373,Toronto,ON,Canada,M4L2C9,43.69447,-79.26902,M,1960-09-02
4449,YORK,ON,Canada,M6E2H7,43.695778,-79.449863,F,1959-03-16
4776,Toronto,ON,Canada,M6N3J5,43.676425,-79.459933,M,1921-08-13
4790,YORK,ON,Canada,M6S4M1,43.664796,-79.497067,F,1928-08-20
5111,Toronto,ON,Canada,M6J3H4,43.650462,-79.427127,M,1924-02-22
5594,Scarborough,ON,Canada,M1B2E3,43.805338,-79.172217,F,1911-01-09
5958,TORONTO,ON,Canada,M5B1C9,43.656453,-79.377306,F,1919-12-25
6307,Brampton,ON,Canada,L6S6K1,43.637761,-79.820708,F,1949-10-25
7516,YORK,ON,Canada,M6M1E6,43.685787,-79.46394,M,1965-07-07
7710,Brampton,ON,Canada,L6Y3X4,43.649901,-79.744396,M,1970-08-23
7900,GEORGETOWN,ON,Canada,L7G1C4,43.646879,-79.886342,F,1961-03-19
8257,OAKVILLE,ON,Canada,L6H6E4,43.491007,-79.685519,M,1974-03-05
8519,TORONTO,ON,Canada,M5W2Z5,43.646637,-79.376055,M,1929-09-25
8549,Toronto,ON,Canada,M4L1B7,43.665884,-79.30366,F,1979-03-26
8709,TORONTO,ON,Canada,M4Y1T1,43.668549,-79.385765,M,1942-02-26
9262,Brampton,ON,Canada,L6V2P9,43.69808586,-79.76631514,M,1973-01-22
9278,Etobicoke,ON,Canada,M8W2R3,43.610257,-79.539324,F,1940-07-16
9354,TORONTO,ON,Canada,M5H3H3,43.650836,-79.387193,F,1926-06-13
9984,Milton,ON,Canada,L9T5M8,43.530756,-79.839027,M,1926-02-06
10045,Mississauga,ON,Canada,L4Y2W2,43.613109,-79.609022,M,1966-02-06
10344,Toronto,ON,Canada,M4E3R5,43.683463,-79.286199,,1974-06-23
11608,North York,ON,Canada,M4N2E7,43.735544,-79.403474,,1943-05-27
11739,North York,ON,Canada,M2L2T7,43.764159,-79.364933,,1993-08-15
12141,BRAMPTON,ON,Canada,L6X0M8,43.665201,-79.805146,,1986-05-19
12385,Brampton,ON,Canada,L6Y1H7,43.67662,-79.76245,,1975-06-19
13765,Scarborough,ON,Canada,M1S2P8,43.803509,-79.279535,,1989-05-19
13920,Toronto,ON,Canada,M5H4E7,43.648854,-79.385598,,1992-01-04
14209,Mississauga,ON,Canada,L5M7C4,43.540425,-79.724709,,1964-09-12
15070,Toronto,ON,Canada,M6K1K6,43.639896,-79.431367,,1991-09-11
15198,Toronto,ON,Canada,M6R1R8,43.648465,-79.452534,,1989-10-23
15671,Mississauga,ON,Canada,L5W1K8,43.640363,-79.72786,,1992-07-07
15862,Brampton,ON,Canada,L6X5C8,43.680493,-79.799381,,1968-02-02
16508,Mississauga,ON,Canada,L5B1A9,43.568313,-79.610838,,1985-02-14
16714,North York,ON,Canada,M4A1V7,43.737734,-79.312293,,1971-12-31
16956,Mississauga,ON,Canada,L4Y1T5,43.595607,-79.570636,,1982-12-20
18074,EAST YORK,ON,Canada,M4G3N4,43.706607,-79.369647,,1970-01-31
18189,MARKHAM,ON,Canada,L3S2A6,43.833493,-79.271518,,1986-01-17
18597,Scarborough,ON,Canada,M1B5B3,43.815927,-79.200326,,1953-08-18
18998,Mississauga,ON,Canada,L5W1M2,43.640557,-79.72625,,1964-08-10
19014,Toronto,ON,Canada,M4N1N8,43.723983,-79.392712,,1973-01-03
19419,Toronto,ON,Canada,M6P2Y9,43.657683,-79.472697,,1966-03-01
19991,MARKHAM,ON,Canada,L6E1Z9,43.899043,-79.258921,,1981-07-05
20161,Brampton,ON,Canada,L6Y5N9,43.636805,-79.756773,,1982-12-22
21411,Mississauga,ON,Canada,L5E2S6,43.596143,-79.562011,,1981-05-04
21902,Mississauga,ON,Canada,L5R1K5,43.602707,-79.65625,,1991-03-19
22438,Etobicoke,ON,Canada,M8W2C8,43.604947,-79.535072,,1975-11-03
22553,YORK,ON,Canada,M6N3Z8,43.669981,-79.487739,,1928-05-10
23841,Toronto,ON,Canada,M6R2C7,43.641585,-79.441654,,1965-01-16
23968,North York,ON,Canada,M3K1L3,43.733443,-79.471116,,1977-08-26
25564,stouffville,ON,Canada,L4A0L9,43.9581,-79.26208,,1993-06-08
26111,Mississauga,ON,Canada,L5R1J6,43.600115,-79.650768,,1976-06-19
27216,Milton,ON,Canada,L9T6G8,43.520045,-79.844049,,1934-06-26
27416,Toronto,ON,Canada,M5H2H5,43.652802,-79.3729,,1969-04-19
27505,Toronto,ON,Canada,M4W1K1,43.674414,-79.368957,,1986-10-12
28060,Toronto,ON,Canada,M6S1B6,43.641095,-79.481138,,1994-05-30
28404,Toronto,ON,Canada,M4C1V1,43.686283,-79.322356,,1977-03-11
28451,Mississauga,ON,Canada,L5A1G7,43.579404,-79.593984,,1961-11-20
28470,Mississauga,ON,Canada,L5M6W3,43.562508,-79.738218,,1988-05-03
28784,Etobicoke,ON,Canada,M9A3M5,43.666873,-79.533163,,1941-07-28
28878,North York,ON,Canada,M5M1J8,43.724209,-79.418129,,1933-04-25
29113,MARKHAM,ON,Canada,L3R3G3,43.821545,-79.321132,,1951-10-25
29442,Scarborough,ON,Canada,M1W2X1,43.806023,-79.329591,,1986-10-11
30086,Etobicoke,ON,Canada,M9R1V7,43.695791,-79.563574,,1971-11-11
30365,Brampton,ON,Canada,L6Y5S8,43.668153,-79.750975,,1987-06-02
31112,Etobicoke,ON,Canada,M8W2L2,43.609581,-79.531661,,1984-02-21
31285,Mississauga,ON,Canada,L5E2A9,43.583375,-79.572911,,1962-03-24
32627,Scarborough,ON,Canada,M1J2Z9,43.750584,-79.228173,,1961-11-23
33030,North York,ON,Canada,M6L1Y5,43.717984,-79.485467,,1963-03-16
33593,Scarborough,ON,Canada,M1X1Y9,43.821623,-79.222809,,1952-06-17
33665,Toronto,ON,Canada,M6K6A4,43.641067,-79.431002,,1939-02-27
34234,Mississauga,ON,Canada,L5H2P4,43.545384,-79.596166,,1970-06-29
34310,Toronto,ON,Canada,M6N3S8,43.678541,-79.475162,,1935-10-22
34429,Etobicoke,ON,Canada,M8Y3B6,43.627616,-79.498686,,1965-12-04
35870,Toronto,ON,Canada,M5A1X4,43.657492,-79.362035,,1968-08-09
35919,North York,ON,Canada,M2L1H2,43.744517,-79.386447,,1959-08-05
36270,Scarborough,ON,Canada,M1M3G9,43.721777,-79.24523,,1954-11-14
36523,North York,ON,Canada,M6A2N4,43.71851336,-79.44463961,,1982-08-15
37325,Mississauga,ON,Canada,L5A3X9,43.592081,-79.627759,,1977-07-20
38562,Mississauga,ON,Canada,L5J3X2,43.507844,-79.656482,,1986-08-08
38589,TORONTO,ON,Canada,M4C5J2,43.686851,-79.306933,,1974-02-03
38813,Brampton,ON,Canada,L6Y5N3,43.639946,-79.758241,,1964-02-13
39388,Mississauga,ON,Canada,L4X1J2,43.605503,-79.569719,,1951-10-04
40980,Scarborough,ON,Canada,M1L3H7,43.712504,-79.292041,,1973-09-11
41331,Scarborough,ON,Canada,M1W2B1,43.7929,-79.30975,,1982-03-22
41433,Toronto,ON,Canada,M5P2A1,43.700778,-79.419673,,1959-04-23
41544,Toronto,ON,Canada,M6K2H8,43.643013,-79.431166,,1963-05-05
42154,Scarborough,ON,Canada,M1C3T4,43.793067,-79.181479,,1979-02-16
42729,Toronto,ON,Canada,M4K1A5,43.667919,-79.345368,,1982-08-14
43987,North York,ON,Canada,M3L0C5,43.727216,-79.521826,,1950-11-18
44019,Scarborough,ON,Canada,M1C3V3,43.794148,-79.181209,,1967-07-16
44281,Toronto,ON,Canada,M6J3C3,43.641693,-79.421688,,1963-08-07
44353,EAST YORK,ON,Canada,M4K3M8,43.693464,-79.352273,,1978-05-24
44521,Milton,ON,Canada,L9T1X2,43.52160569,-79.88563824,,1957-02-22
45744,Scarborough,ON,Canada,M1J1A8,43.737743,-79.24874,,1983-03-08
46708,Toronto,ON,Canada,M6H4A2,43.65481,-79.442634,,1968-12-04
47249,Mississauga,ON,Canada,L5E2R9,43.594311,-79.561588,,1990-06-22
48776,Mississauga,ON,Canada,L4Y2N3,43.608611,-79.602152,,1994-06-20
48932,Etobicoke,ON,Canada,M8W4H1,43.610365,-79.540089,,1970-08-01
49189,EAST YORK,ON,Canada,M4K2C9,43.68841,-79.348573,,1993-04-27
49405,Pickering,ON,Canada,L1W3Z8,43.804924,-79.123925,,1959-06-18
49537,MISSISSAUGA,ON,Canada,L4Z1X7,43.60456302,-79.6328615,,1953-03-23
50117,MARKHAM,ON,Canada,L3P3P4,43.881457,-79.240926,,1983-07-14
50355,Scarborough,ON,Canada,M1B1P1,43.802469,-79.214048,,1966-10-05
50653,Mississauga,ON,Canada,L5H1X7,43.538289,-79.627896,,1967-03-15
50758,Scarborough,ON,Canada,M1B4K9,43.814355,-79.214372,,1976-04-04
51532,Scarborough,ON,Canada,M1X1Y6,43.821466,-79.225323,,1958-07-22
52322,Mississauga,ON,Canada,L5H4B3,43.544384,-79.623903,,1951-03-05
52604,North York,ON,Canada,M3B1H6,43.741988,-79.359932,,1973-10-04
54032,North York,ON,Canada,M3M2L9,43.732964,-79.485686,,1958-12-26
54037,Scarborough,ON,Canada,M1E5K9,43.794249,-79.201078,,1990-11-15
54167,Scarborough,ON,Canada,M1S4E8,43.80041,-79.293313,,1946-08-16
54190,Etobicoke,ON,Canada,M9P2Y6,43.699492,-79.530197,,1973-09-24
54736,Scarborough,ON,Canada,M1T1J1,43.770071,-79.31055,,1978-04-15
54982,Scarborough,ON,Canada,M1N2Y1,43.686039,-79.273607,,1979-10-11
55016,North York,ON,Canada,M2J2H2,43.781618,-79.356662,,1990-06-14
55684,EAST YORK,ON,Canada,M4J4E9,43.692668,-79.336935,,1927-03-18
55788,Toronto,ON,Canada,M6R1G1,43.643351,-79.440337,,1955-05-11
56134,Etobicoke,ON,Canada,M9A2R4,43.67440471,-79.54518576,,1977-08-24
56145,YORK,ON,Canada,M6N4A6,43.669289,-79.492681,,1974-12-16
58374,MARKHAM,ON,Canada,L6C1T9,43.878771,-79.358112,,1981-05-17
58460,Etobicoke,ON,Canada,M8V1W2,43.590693,-79.524093,,1984-02-28
58675,Scarborough,ON,Canada,M1V2B4,43.824666,-79.268403,,1964-04-07
58734,Scarborough,ON,Canada,M1B2S6,43.803646,-79.203944,,1972-12-01
59205,Toronto,ON,Canada,M6H1G4,43.654869,-79.432348,,1988-08-29
59450,Mississauga,ON,Canada,L5C3A5,43.563091,-79.638296,,1968-06-22
61372,Toronto,ON,Canada,M4L1K7,43.666736,-79.331653,,1975-11-19
61485,Toronto,ON,Canada,M6J2S6,43.654209,-79.415315,,1982-03-29
61933,Etobicoke,ON,Canada,M9C2E8,43.643379,-79.568743,,1990-11-05
62125,Etobicoke,ON,Canada,M8Z3A3,43.63834,-79.526406,,1960-03-12
62741,EAST YORK,ON,Canada,M4G3L9,43.697619,-79.368254,,1955-08-04
62797,North York,ON,Canada,M5M1Z9,43.729236,-79.421875,,1992-09-07
63331,Toronto,ON,Canada,M6H3Z5,43.665775,-79.446067,,1993-07-22
63361,YORK,ON,Canada,M6M3V8,43.686707,-79.468451,,1961-08-29
63444,Mississauga,ON,Canada,L5N5V1,43.580541,-79.742086,,1987-05-14
63452,Scarborough,ON,Canada,M1S2L1,43.80021,-79.280359,,1985-07-06
63804,Etobicoke,ON,Canada,M8V2L7,43.617482,-79.490612,,1981-09-21
64855,Mississauga,ON,Canada,L5H4J1,43.536934,-79.633314,,1957-03-06
65060,MARKHAM,ON,Canada,L3S3M1,43.846066,-79.278269,,1928-01-05
65264,Mississauga,ON,Canada,L5N7P7,43.62556,-79.738294,,1963-12-04
66288,Brampton,ON,Canada,L6X2J3,43.681784,-79.779457,,1968-12-22
66290,York,ON,Canada,M6M3M3,43.695108,-79.47061,,1974-10-26
67379,Mississauga,ON,Canada,L5N7A1,43.574285,-79.782538,,1944-04-22
67411,Mississauga,ON,Canada,L5K2P7,43.533379,-79.65813,,1970-11-16
67593,Markham,ON,Canada,L3P4K8,43.879519,-79.276502,,1959-06-12
68157,North York,ON,Canada,M3B3C4,43.750117,-79.369509,,1971-10-11
68160,North York,ON,Canada,M6L2T6,43.719138,-79.49081,,1959-08-04
68725,Mississauga,ON,Canada,L4Y1C8,43.592089,-79.577458,,1975-03-24
69083,Mississauga,ON,Canada,L5N4L4,43.588523,-79.749235,,1989-04-22
71207,North York,ON,Canada,M4R1K5,43.713161,-79.408961,,1964-04-11
71231,MARKHAM,ON,Canada,L3R6T9,43.833427,-79.30015,,1968-10-03
71356,Brampton,ON,Canada,L6Y1B9,43.67029,-79.750182,,1957-01-27
71569,Toronto,ON,Canada,M5B2H2,43.654205,-79.379961,,1959-06-10
71677,Toronto,ON,Canada,M6J1E7,43.646441,-79.408404,,1968-05-20
71929,Mississauga,ON,Canada,L5M7E7,43.555513,-79.742842,,1968-07-26
72753,Brampton,ON,Canada,L7A2Z6,43.690155,-79.828271,,1986-07-30
73523,Toronto,ON,Canada,M6J2J1,43.649279,-79.407477,,1941-04-03
73625,Markham,ON,Canada,L3P2J1,43.886687,-79.237761,,1973-08-03
73864,Brampton,ON,Canada,L6R3E3,43.653178,-79.789709,,1986-10-21
74334,Oakville,ON,Canada,L6J7K9,43.494758,-79.661249,,1968-11-25
74809,Toronto,ON,Canada,M4K1J2,43.673759,-79.349435,,1948-02-10
75122,Toronto,ON,Canada,M6J2G5,43.738216,-79.216816,,1968-04-09
75401,Scarborough,ON,Canada,M1V1A5,43.815168,-79.274343,,1966-05-05
76059,Etobicoke,ON,Canada,M9R3N2,43.689866,-79.56069,,1976-10-12
76655,MARKHAM,ON,Canada,L3R3G8,43.826735,-79.324411,,1951-05-20
77061,Etobicoke,ON,Canada,M8Z4B2,43.644835,-79.518083,,1985-12-11
77310,Milton,ON,Canada,L9T5P9,43.531712,-79.86405,,1975-02-10
78927,Pickering,ON,Canada,L1V5T6,43.820533,-79.140137,,1971-08-03
79462,UNIONVILLE,ON,Canada,L3P7G5,43.880395,-79.28955,,1973-09-04
79524,Scarborough,ON,Canada,M1V1C2,43.812934,-79.275511,,1965-03-22
79545,MARKHAM,ON,Canada,L6B1K6,43.895788,-79.230488,,1992-04-23
80241,Toronto,ON,Canada,M4R2A5,43.713783,-79.406785,,1980-12-24
80656,Scarborough,ON,Canada,M1V4G2,43.82776,-79.280415,,1993-01-14
81145,EAST YORK,ON,Canada,M4B1H4,43.705034,-79.298521,,1968-08-15
81589,Toronto,ON,Canada,M6G1N8,43.66435199,-79.42529375,,1949-09-25
81618,Scarborough,ON,Canada,M1C1S2,43.782733,-79.159586,,1923-07-11
81686,Mississauga,ON,Canada,L5C3X4,43.56006,-79.638208,,1966-08-19
82540,Brampton,ON,Canada,L6Y2S5,43.661097,-79.752202,,1989-10-21
82643,North York,ON,Canada,M2J2R6,43.786084,-79.374736,,1988-12-14
82794,Milton,ON,Canada,L9T0R5,43.504931,-79.88887,,1964-11-09
83595,Mississauga,ON,Canada,L5B3E7,43.572417,-79.618795,,1992-02-13
83629,Mississauga,ON,Canada,L5G3Z9,43.576195,-79.589174,,1982-02-06
83712,Toronto,ON,Canada,M6H4B8,43.664322,-79.437284,,1981-07-12
84162,North York,ON,Canada,M3M2B7,43.729798,-79.488298,,1971-11-08
84432,TORONTO,ON,Canada,M4P2H3,43.712344,-79.401934,,1992-11-06
84578,North York,ON,Canada,M3L0C4,43.727357,-79.52272,,1972-02-26
85137,North York,ON,Canada,M3A1P4,43.749355,-79.325499,,1944-06-12
85398,North York,ON,Canada,M3A2R9,43.761825,-79.332809,,1991-12-16
85412,YORK,ON,Canada,M6M2H5,43.691723,-79.496892,,1979-01-07
85960,Toronto,ON,Canada,M6P3Y7,43.666456,-79.452802,,1991-07-31
87705,MILTON,ON,Canada,L9T6N7,43.520858,-79.850616,,1947-06-16
88860,North York,ON,Canada,M3B3C4,43.750117,-79.369509,,1976-09-28
89005,Mississauga,ON,Canada,L5J1W2,43.506844,-79.651642,,1993-04-25
89371,Scarborough,ON,Canada,M1L0G1,43.700598,-79.274287,,1976-12-20
89490,MARKHAM,ON,Canada,L3P2P7,43.878104,-79.24951,,1973-07-04
90097,Mississauga,ON,Canada,L5B2A2,43.568531,-79.618652,,1963-05-22
90465,MISSISSAUGA,ON,Canada,L5J1J3,43.586134,-79.549075,,1955-07-17
90501,Scarborough,ON,Canada,M1L1B7,43.692335,-79.283508,,1991-07-28
90906,MARKHAM,ON,Canada,L6E1J8,43.901831,-79.243028,,1989-12-06
91010,MARKHAM,ON,Canada,L6C0B6,43.897699,-79.294052,,1983-12-19
91475,North York,ON,Canada,M2L1R1,43.750219,-79.383301,,1974-02-15
92748,East York,ON,Canada,M4C2R5,43.694539,-79.31909,,1991-12-13
93385,Etobicoke,ON,Canada,M8V1S2,43.610867,-79.488452,,1990-05-11
93883,YORK,ON,Canada,M6S4C1,43.680932,-79.481888,,1961-09-13
94101,UNIONVILLE,ON,Canada,L3P7E3,43.879211,-79.29497,,1979-01-19
94532,Pickering,ON,Canada,L1V2P9,43.860383,-79.155183,,1972-09-29
94705,Toronto,ON,Canada,M5A2N8,43.660348,-79.373281,,1988-11-17
95210,North York,ON,Canada,M4N1N9,43.724597,-79.389079,,1990-11-19
95678,EAST YORK,ON,Canada,M4J3W3,43.684493,-79.336767,,1986-09-01
96838,Toronto,ON,Canada,M6G3X3,43.673079,-79.426366,,1975-01-03
96841,Toronto,ON,Canada,M6H2S4,43.67647,-79.432947,,1983-04-05
96857,YORK,ON,Canada,M6E2M6,43.69814,-79.446504,,1966-05-12
96858,Mississauga,ON,Canada,L5G2Z9,43.55686041,-79.59038233,,1974-01-20
97134,Mississauga,ON,Canada,L5E3G1,43.571911,-79.566963,,1972-09-08
97514,Scarborough,ON,Canada,M1X1W1,43.824635,-79.223289,,1992-01-27
97810,Mississauga,ON,Canada,L5M4Y5,43.585357,-79.7077,,1968-12-16
98055,North York,ON,Canada,M4N1T4,43.728226,-79.387472,,1941-07-10
98329,Etobicoke,ON,Canada,M8Z2B4,43.626236,-79.518793,,1977-07-05
98584,Etobicoke,ON,Canada,M9R1M8,43.690705,-79.555599,,1978-02-21
99088,Toronto,ON,Canada,M4L2X1,43.674904,-79.325213,,1994-03-06
99174,North York,ON,Canada,M3A3E7,43.753849,-79.33675,,1984-07-07
99216,Scarborough,ON,Canada,M1V3C1,43.820168,-79.270888,,1969-07-22
99495,Mississauga,ON,Canada,L5B1C7,43.568212,-79.617115,,1960-09-03
100119,Scarborough,ON,Canada,M1E1A9,43.741699,-79.201974,,1961-02-01
100950,Toronto,ON,Canada,M6R2P7,43.644857,-79.450906,,1953-04-27
101443,Scarborough,ON,Canada,M1T2H9,43.783167,-79.306254,,1986-01-11
101451,Toronto,ON,Canada,M6B1A5,43.704481,-79.430622,,1957-05-16
101626,York,ON,Canada,M6S2H1,43.65862,-79.493053,,1991-11-11
101922,Etobicoke,ON,Canada,M9A3P6,43.654177,-79.526286,,1980-01-21
102157,Mississauga,ON,Canada,L5B3W8,43.576562,-79.63379,,1970-02-28
102639,Scarborough,ON,Canada,M1M1V6,43.721915,-79.245507,,1991-06-15
102964,Mississauga,ON,Canada,L5M6P7,43.555579,-79.754639,,1962-04-22
103612,MARKHAM,ON,Canada,L3S3P9,43.85791,-79.242435,,1939-10-18
104674,Mississauga,ON,Canada,L5M3H9,43.56745,-79.695758,,1967-12-23
105787,ACTON,ON,Canada,L7J2Y8,43.634681,-80.021964,,1960-03-12
105906,Mississauga,ON,Canada,L4Z1M2,43.602246,-79.638265,,1993-01-21
106022,YORK,ON,Canada,M6E3B9,43.699511,-79.445354,,1939-07-08
107219,Mississauga,ON,Canada,L5C2J6,43.556586,-79.654256,,1967-05-04
107521,North York,ON,Canada,M6B2E9,43.707467,-79.456601,,1967-08-05
107576,North York,ON,Canada,M3H2Y6,43.738068,-79.446171,,1988-12-11
107676,Mississauga,ON,Canada,L5M4Y2,43.571082,-79.699505,,1981-01-30
107843,North York,ON,Canada,M6L2X4,43.718506,-79.493366,,1990-02-12
108036,Brampton,ON,Canada,L6X2C3,43.678153,-79.777095,,1969-06-10
108371,GEORGETOWN,ON,Canada,L7G5W9,43.640364,-79.871802,,1993-01-30
108969,MARKHAM,ON,Canada,L3S3H4,43.845704,-79.290202,,1978-01-31
109035,Scarborough,ON,Canada,M1M1J9,43.73433,-79.209908,,1985-08-22
109103,Mississauga,ON,Canada,L4X1H7,43.602185,-79.56852,,1982-06-21
109857,EAST YORK,ON,Canada,M4G2T4,43.716897,-79.35718,,1992-01-03
109966,Toronto,ON,Canada,M6P3E4,43.652417,-79.474256,,1981-10-08
110404,Toronto,ON,Canada,M6R1N4,43.6478,-79.446447,,1979-02-24
111146,Oakville,ON,Canada,L6J4S4,43.473144,-79.657703,,1960-03-31
111760,Etobicoke,ON,Canada,M8V3J3,43.599321,-79.514115,,1967-07-04
111761,Scarborough,ON,Canada,M1R4N1,43.762692,-79.309524,,1925-10-28
111991,MARKHAM,ON,Canada,L3S1L8,43.836473,-79.287414,,1962-09-30
112847,GEORGETOWN,ON,Canada,L7G3K3,43.657429,-79.925803,,1954-03-11
112992,Brampton,ON,Canada,L6Y3P1,43.652597,-79.72081,,1989-09-22
113319,Toronto,ON,Canada,M4H1R3,43.702669,-79.350605,,1985-09-10
114706,Toronto,ON,Canada,M6H2X4,43.663958,-79.430355,,1940-07-21
115382,Etobicoke,ON,Canada,M8Y1N2,43.630087,-79.501139,,1956-02-07
115730,MARKHAM,ON,Canada,L3S1G5,43.837891,-79.279345,,1975-11-14
116099,Brampton,ON,Canada,L6X4W3,43.68465,-79.807819,,1967-04-25
116216,EAST YORK,ON,Canada,M4G2M5,43.71394,-79.367611,,1976-01-02
116864,Scarborough,ON,Canada,M1K4R1,43.739079,-79.259431,,1982-12-17
117665,Etobicoke,ON,Canada,M9B1H7,43.63414,-79.552165,,1993-02-14
118522,Toronto,ON,Canada,M4P2C3,43.717205,-79.392331,,1986-03-29
119139,EAST YORK,ON,Canada,M4C2N4,43.692911,-79.322587,,1977-12-11
119410,Mississauga,ON,Canada,L5N6A7,43.575542,-79.751308,,1991-10-21
119438,Scarborough,ON,Canada,M1T2A7,43.778611,-79.297765,,1991-03-25
119583,Etobicoke,ON,Canada,M8V2V1,43.607747,-79.494828,,1900-12-31
119719,UNIONVILLE,ON,Canada,L3R5W1,43.856636,-79.287092,,1958-07-03
120259,Toronto,ON,Canada,M4C4B5,43.684438,-79.31247,,1950-04-17
120586,Brampton,ON,Canada,L6Y2N7,43.653652,-79.748549,,1982-07-31
120762,Etobicoke,ON,Canada,M9C3M8,43.650337,-79.575435,,1987-01-04
121515,Mississauga,ON,Canada,L5M6N8,43.552666,-79.753071,,1989-04-12
121595,Toronto,ON,Canada,M4L2Z3,43.6766,-79.323595,,1942-07-08
122030,YORK,ON,Canada,M6M4W6,43.688383,-79.496719,,1965-02-01
122476,Markham,ON,Canada,L3R5E6,43.830101,-79.298278,,1985-07-04
122699,Scarborough,ON,Canada,M1W3N6,43.818107,-79.321739,,1992-07-13
123915,Toronto,ON,Canada,M6P3N4,43.661445,-79.448656,,1975-02-20
124553,MARKHAM,ON,Canada,L6C2J4,43.888107,-79.294747,,1981-02-24
124759,Mississauga,ON,Canada,L4Z4E9,43.618389,-79.668328,,1960-02-02
125725,North York,ON,Canada,M6B2T8,43.716443,-79.435329,,1986-05-21
126216,EAST YORK,ON,Canada,M4B2M5,43.700919,-79.306124,,1992-07-16
126820,North York,ON,Canada,M2J1Y9,43.77679,-79.35282,,1955-11-06
127282,Toronto,ON,Canada,M4L3B7,43.677246,-79.321214,,1974-10-11
127620,North York,ON,Canada,M3A1W7,43.759091,-79.317965,,1991-04-03
127649,UNIONVILLE,ON,Canada,L3R6B8,43.855637,-79.301382,,1950-11-25
127846,North York,ON,Canada,M2L2C9,43.758893,-79.366729,,1977-03-04
128138,Brampton,ON,Canada,L7A2E7,43.684463,-79.824562,,1975-06-18
129849,North York,ON,Canada,M3C2H9,43.731571,-79.346593,,1952-08-30
130439,Toronto,ON,Canada,M6S3L5,43.654139,-79.481686,,1955-01-26
130741,Milton,ON,Canada,L9T5H9,43.503315,-79.883022,,1984-02-26
131084,Markham,ON,Canada,L6C1G9,43.88236913,-79.3407649,,1979-03-01
131152,MARKHAM,ON,Canada,L3S4A8,43.865181,-79.233039,,1973-02-20
131427,Scarborough,ON,Canada,M1P1T2,43.756865,-79.285142,,1954-10-13
131547,Toronto,ON,Canada,M1L1Y6,43.679553,-79.385921,,1970-11-27
132323,Mississauga,ON,Canada,L5R3N4,43.61006,-79.683833,,1982-08-13
132711,Mississauga,ON,Canada,L5W1Z1,43.633467,-79.731137,,1940-03-09
133760,Etobicoke,ON,Canada,M9B4J1,43.642166,-79.544544,,1960-04-04
134530,Scarborough,ON,Canada,M1W3A8,43.811256,-79.331508,,1974-04-27
136072,Pickering,ON,Canada,L1V6S3,43.817253,-79.149451,,1989-05-28
136164,Brampton,ON,Canada,L6Y4N9,43.645012,-79.749737,,1973-01-31
136234,Mississauga,ON,Canada,L5M5Y3,43.572821,-79.714249,,1988-08-05
136914,Markham,ON,Canada,L3R2B5,43.86281352,-79.29430654,,1958-08-18
137040,Markham,ON,Canada,L3P3W7,43.879968,-79.242024,,1993-02-08
137697,Toronto,ON,Canada,M6H3G1,43.665635,-79.435046,,1979-02-19
138055,Toronto,ON,Canada,M6P1V7,43.666623,-79.466277,,1972-09-25
138881,Mississauga,ON,Canada,L5V2G7,43.59091,-79.672988,,1930-09-04
139305,York,ON,Canada,M6N2S2,43.68427976,-79.48405329,,1993-05-11
139442,Etobicoke,ON,Canada,M9C3B4,43.650676,-79.574666,,1956-02-15
139812,ACTON,ON,Canada,L7J1M4,43.632656,-80.034955,,1983-05-06
140341,Etobicoke,ON,Canada,M8Z5G5,43.633398,-79.53182,,1986-09-20
140382,Mississauga,ON,Canada,L5N1N9,43.59106873,-79.75688566,,1988-04-11
140460,Toronto,ON,Canada,M4L3V2,43.673292,-79.300278,,1982-10-20
140498,Oakville,ON,Canada,L6H5S1,43.519817,-79.680801,,1988-06-19
140788,MARKHAM,ON,Canada,L3R7R7,43.871093,-79.345451,,1961-03-09
140891,North York,ON,Canada,M6L2N7,43.714756,-79.479125,,1898-10-02
142040,Pickering,ON,Canada,L1W2C1,43.80298,-79.126321,,1974-07-13
143320,Mississauga,ON,Canada,L4Y3E8,43.609821,-79.599661,,1988-04-11
143456,Brampton,ON,Canada,L6V2R1,43.698005,-79.766416,,1986-11-14
143462,Toronto,ON,Canada,M4E3K7,43.679545,-79.289032,,1964-09-11
143865,MARKHAM,ON,Canada,L3S1L2,43.838162,-79.288182,,1978-06-15
144405,Toronto,ON,Canada,M4C5E3,43.6885938,-79.29321025,,1981-07-12
145132,Etobicoke,ON,Canada,M8Z5C6,43.62438,-79.526835,,1972-02-02
145204,OAKVILLE,ON,Canada,L6H5M1,43.490598,-79.695721,,1970-03-13
145356,Mississauga,ON,Canada,L5W1P5,43.627432,-79.706976,,1985-11-28
145733,Scarborough,ON,Canada,M1R1A2,43.730391,-79.301941,,1993-12-14
146321,Pickering,ON,Canada,L1V6P4,43.835225,-79.132002,,1939-08-28
147271,Milton,ON,Canada,L9T3L9,43.525891,-79.872649,,1990-08-10
149430,YORK,ON,Canada,M9N2G5,43.702925,-79.515341,,1979-10-05
149483,Markham,ON,Canada,L3R9K2,43.864923,-79.351588,,1986-10-17
150193,Mississauga,ON,Canada,L5V4V7,43.59287,-79.694402,,1990-04-22
150815,MISSISSAUGA,ON,Canada,L4W1V2,43.639974,-79.622971,,1983-02-26
150970,Pickering,ON,Canada,L1V7A5,43.82866036,-79.13490273,,1971-06-23
151607,Scarborough,ON,Canada,M1M1J4,43.737241,-79.211036,,1979-03-04
152492,Mississauga,ON,Canada,L5N6Z8,43.575156,-79.784066,,1982-02-10
153389,Toronto,ON,Canada,M4L3P1,43.668205,-79.304843,,1981-04-28
154004,Mississauga,ON,Canada,L5M6L8,43.546784,-79.745851,,1958-10-06
154369,MARKHAM,ON,Canada,L3S4A8,43.865322,-79.232398,,1992-08-31
154414,Milton,ON,Canada,L9T2X6,43.504713,-79.863705,,1993-09-19
155408,GEORGETOWN,ON,Canada,L7G6A7,43.6515,-79.927174,,1976-04-01
156441,North York,ON,Canada,M2P1L1,43.75713,-79.39359,,1968-11-30
156561,Etobicoke,ON,Canada,M9B6A4,43.672394,-79.560607,,1993-11-24
157131,Mississauga,ON,Canada,L5M4A4,43.578486,-79.687263,,1970-12-20
157615,Toronto,ON,Canada,M6C3C6,43.701225,-79.4278,,1937-07-01
157977,North York,ON,Canada,M4A2X3,43.723123,-79.31005,,1990-09-15
158342,Toronto,ON,Canada,M4K2N7,43.671847,-79.354788,,1984-09-25
158400,Toronto,ON,Canada,M4T2J9,43.689085,-79.375422,,1963-10-20
158411,Toronto,ON,Canada,M6N1C2,43.670315,-79.455964,,1938-03-25
158575,Mississauga,ON,Canada,L5V1B7,43.607543,-79.710908,,1984-08-01
158583,Etobicoke,ON,Canada,M9R3P2,43.688123,-79.563116,,1948-04-10
158613,Toronto,ON,Canada,M4S1M7,43.703653,-79.38217,,1973-07-28
159417,Etobicoke,ON,Canada,M9B1N9,43.640014,-79.551131,,1971-04-20
159480,Mississauga,ON,Canada,L5B3P7,43.587218,-79.655693,,1972-06-24
159553,Toronto,ON,Canada,M4L2S7,43.664853,-79.324011,,1985-09-03
159610,Mississauga,ON,Canada,L5R2H2,43.608516,-79.668333,,1978-04-06
160883,MARKHAM,ON,Canada,L3R9B1,43.861565,-79.354605,,1980-11-05
161244,Scarborough,ON,Canada,M1E1E2,43.74296,-79.20768,,1952-11-18
161931,EAST YORK,ON,Canada,M4C4C8,43.689918,-79.314546,,1987-06-17
162239,YORK,ON,Canada,M6S1X9,43.654891,-79.489564,,1940-09-15
163421,Mississauga,ON,Canada,L5C3H9,43.563754,-79.631911,,1985-03-15
163537,York,ON,Canada,M6C3V6,43.695506,-79.437954,,1984-10-22
163865,Etobicoke,ON,Canada,M9A4R2,43.677185,-79.523253,,1959-10-20
164119,Mississauga,ON,Canada,L5N6X6,43.57804791,-79.77512,,1992-05-13
164459,Scarborough,ON,Canada,M1L3R7,43.711595,-79.287411,,1964-06-13
164754,Mississauga,ON,Canada,L5J3S8,43.51211,-79.643441,,1932-04-22
164764,YORK,ON,Canada,M6E4P7,43.682878,-79.456513,,1978-07-24
164831,stouffville,ON,Canada,L4A0W1,43.955214,-79.264522,,1944-08-08
165283,Mississauga,ON,Canada,L5E2P9,43.585727,-79.550377,,1983-03-24
165474,Scarborough,ON,Canada,M1T3K9,43.781966,-79.294007,,1946-05-05
165534,MARKHAM,ON,Canada,L6E1K2,43.899599,-79.243025,,1968-10-04
165693,Etobicoke,ON,Canada,M8W4C7,43.606561,-79.535947,,1931-03-26
166041,Mississauga,ON,Canada,L5L5A7,43.523861,-79.696398,,1991-10-07
166042,Toronto,ON,Canada,M6G3S9,43.67864064,-79.4318053,,1955-02-10
166092,Mississauga,ON,Canada,L5N7G7,43.580516,-79.784284,,1961-10-08
166267,Scarborough,ON,Canada,M1N2S8,43.676001,-79.277868,,1983-11-09
166484,Toronto,ON,Canada,M6P2T8,43.65771,-79.468798,,1972-01-26
166832,GEORGETOWN,ON,Canada,L7G6B6,43.653637,-79.909416,,1966-07-19
167852,North York,ON,Canada,M3L0C6,43.726584,-79.522234,,1932-03-16
169082,Toronto,ON,Canada,M1M2M7,43.717103,-79.237773,,1958-02-16
169105,Brampton,ON,Canada,L6Y4M1,43.655298,-79.759498,,1941-04-04
169366,Scarborough,ON,Canada,M1V3R2,43.810638,-79.263918,,1959-04-10
170957,Toronto,ON,Canada,M5C1B6,43.63858,-79.44606,,1966-11-25
171128,Mississauga,ON,Canada,L5N7Z4,43.624844,-79.745351,,1970-11-21
171836,North York,ON,Canada,M6L2K6,43.717779,-79.474787,,1981-11-09
172394,YORK,ON,Canada,M6E3M9,43.682197,-79.443528,,1979-03-05
172785,YORK,ON,Canada,M6M1A6,43.682386,-79.465192,,1978-08-12
173014,Mississauga,ON,Canada,L5H2P9,43.544315,-79.596009,,1970-01-26
173076,Scarborough,ON,Canada,M1N3G8,43.691253,-79.267535,,1961-08-19
173710,Scarborough,ON,Canada,M1L2S6,43.71411,-79.296005,,1984-01-04
173712,MARKHAM,ON,Canada,L6B1E5,43.892875,-79.231229,,1974-02-10
173955,MARKHAM,ON,Canada,L3R7K2,43.83354,-79.293085,,1948-04-17
174653,Mississauga,ON,Canada,L5M7T6,43.543345,-79.727458,,1993-07-11
174974,EAST YORK,ON,Canada,M4J3C8,43.694535,-79.347434,,1992-06-30
175715,MARKHAM,ON,Canada,L3S3S3,43.84237,-79.282849,,1949-04-25
175801,MARKHAM,ON,Canada,L3P4K5,43.886172,-79.257779,,1958-07-07
176154,EAST YORK,ON,Canada,M4C3G3,43.693806,-79.328012,,1976-12-31
176604,Scarborough,ON,Canada,M1C3W2,43.793502,-79.181054,,1979-03-01
176610,Toronto,ON,Canada,M5N2J4,43.705497,-79.412144,,1981-04-08
177046,Milton,ON,Canada,L9T0G4,43.511001,-79.853656,,1970-09-03
177150,YORK,ON,Canada,M5P1N4,43.666159,-79.498729,,1945-08-28
178529,Scarborough,ON,Canada,M1W1T1,43.796576,-79.323789,,1976-01-29
178631,Mississauga,ON,Canada,L5L5C6,43.522791,-79.697795,,1952-01-25
178885,Mississauga,ON,Canada,L4W3R6,43.628757,-79.598751,,1967-07-23
181284,Toronto,ON,Canada,M4W2B2,43.725419,-79.408285,,1957-07-31
181453,Markham,ON,Canada,L3R2T5,43.853196,-79.354342,,1993-04-06
181591,Toronto,ON,Canada,M4J2X9,43.681903,-79.345075,,1951-01-11
182108,Etobicoke,ON,Canada,M9C4Y3,43.646625,-79.579216,,1954-07-14
182383,Toronto,ON,Canada,M6S2X5,43.64611183,-79.47319728,,1994-08-30
182479,Toronto,ON,Canada,M6H2H6,43.672424,-79.443615,,1976-05-13
183059,Toronto,ON,Canada,M4V2T3,43.685363,-79.407773,,1987-10-23
183217,Mississauga,ON,Canada,L5R1S3,43.598245,-79.654648,,1962-07-12
183639,TORONTO,ON,Canada,M4P1S6,43.71149209,-79.38055344,,1991-04-03
184212,Mississauga,ON,Canada,L5W1J9,43.635666,-79.733887,,1976-04-01
184390,North York,ON,Canada,M5M2Z2,43.738096,-79.425888,,1982-07-25
184552,Brampton,ON,Canada,L6Y0C1,43.644793,-79.799503,,1984-02-01
185103,UNIONVILLE,ON,Canada,L3R6L1,43.870938,-79.307785,,1971-03-17
185270,Etobicoke,ON,Canada,M8Z1K2,43.61699874,-79.51878523,,1927-05-05
185281,Scarborough,ON,Canada,M1X1S5,43.822725,-79.212894,,1990-11-24
185318,North York,ON,Canada,M6L3E1,43.7084,-79.500251,,1962-05-25
185344,Brampton,ON,Canada,L6Y2R4,43.661212,-79.74068,,1949-03-24
185503,North York,ON,Canada,M3A2H4,43.765832,-79.323114,,1967-07-23
186006,UNIONVILLE,ON,Canada,L3R4K3,43.877481,-79.321578,,1993-01-20
186024,Mississauga,ON,Canada,L5W1T8,43.633714,-79.71172,,1944-11-22
186203,UNIONVILLE,ON,Canada,L3R0A5,43.861977,-79.331529,,1937-06-12
186287,Mississauga,ON,Canada,L5C3B2,43.556029,-79.637624,,1954-05-05
187455,Mississauga,ON,Canada,L5M5B9,43.570303,-79.708457,,1922-11-01
187571,MARKHAM,ON,Canada,L6C2S4,43.892073,-79.293896,,1959-04-15
188152,WHITEVALE,ON,Canada,L0H1M0,43.890221,-79.158336,,1980-02-25
188514,Mississauga,ON,Canada,L5B4C2,43.584577,-79.627263,,1957-03-04
188835,OAKVILLE,ON,Canada,L6J7C1,43.500909,-79.667209,,1968-09-06
189501,Mississauga,ON,Canada,L5A2R1,43.579554,-79.592268,,1991-07-16
190081,Milton,ON,Canada,L9T0K8,43.506829,-79.846289,,1976-08-12
190325,Milton,ON,Canada,L9T3R9,43.529288,-79.875575,,1921-07-14
190593,TORONTO,ON,Canada,M4P2Y6,43.712355,-79.401934,,1952-12-29
190639,YORK,ON,Canada,M9N1A2,43.693445,-79.508337,,1987-05-29
191102,Toronto,ON,Canada,M4K3E1,43.676621,-79.34915,,1945-09-27
191470,EAST YORK,ON,Canada,M4G2R8,43.715314,-79.370291,,1991-09-25
192989,Toronto,ON,Canada,M6G3R5,43.662102,-79.424315,,1991-03-21
193248,Mississauga,ON,Canada,L5N7G9,43.578706,-79.782993,,1954-11-01
193528,Toronto,ON,Canada,M1W1P9,43.7935466,-79.32355787,,1964-10-20
194504,Toronto,ON,Canada,M6P1C7,43.658028,-79.458564,,1947-02-05
194691,Mississauga,ON,Canada,L5L4R4,43.528676,-79.702953,,1977-12-06
194841,Toronto,ON,Canada,M4L3R7,43.66977,-79.303716,,1990-04-13
194849,NORTH YORK,ON,Canada,M3C3N6,43.72949232,-79.33063144,,1987-09-22
194891,Etobicoke,ON,Canada,M8V1X1,43.605551,-79.493705,,1975-06-16
195663,Scarborough,ON,Canada,M1X1T9,43.823102,-79.21776,,1972-12-12
195743,North York,ON,Canada,M3B3M7,43.737096,-79.37846,,1978-10-11
195797,Scarborough,ON,Canada,M1K4L1,43.731176,-79.25394,,1971-10-31
196397,Toronto,ON,Canada,M5M1P4,43.72911,-79.407557,,1960-11-02
196659,North York,ON,Canada,M3A1E6,43.741453,-79.327373,,1970-03-20
197635,Mississauga,ON,Canada,L5C3V8,43.575951,-79.665152,,1978-10-08
198851,Scarborough,ON,Canada,M1R1X2,43.73608,-79.292224,,1968-07-26
198889,Brampton,ON,Canada,L6V2P7,43.69871,-79.767683,,1974-12-22
199130,Etobicoke,ON,Canada,M8W3J3,43.593111,-79.533455,,1991-05-08
199926,North York,ON,Canada,M2K1W6,43.775146,-79.385563,,1943-10-13
200132,Toronto,ON,Canada,M4L2V8,43.672796,-79.329491,,1979-04-16
200336,Milton,ON,Canada,L9T6L5,43.521175,-79.831529,,1953-09-06
200696,TORONTO,ON,Canada,M5W5B1,43.645921,-79.376063,,1945-03-18
200757,MILTON,ON,Canada,L9T6N1,43.516004,-79.831081,,1976-03-01
200942,Mississauga,ON,Canada,L4Z0B4,43.618142,-79.641038,,1993-07-30
201250,Toronto,ON,Canada,M5P2W5,43.65852,-79.400041,,1992-12-08
201366,North York,ON,Canada,M2L1C6,43.738713,-79.383075,,1953-06-13
201964,Etobicoke,ON,Canada,M9C2Z9,43.646446,-79.570059,,1988-10-23
202245,MARKHAM,ON,Canada,L3R4L2,43.824593,-79.30991,,1960-04-19
202720,Mississauga,ON,Canada,L5B1H7,43.581565,-79.614967,,1978-04-01
202914,Milton,ON,Canada,L9T2V6,43.514987,-79.91166,,1966-11-03
203190,Scarborough,ON,Canada,M1N2C8,43.69444187,-79.26600495,,1994-07-04
203555,Mississauga,ON,Canada,L5R3G6,43.609003,-79.656946,,1985-07-31
203661,Milton,ON,Canada,L9T6W7,43.520596,-79.855245,,1981-03-20
203667,Mississauga,ON,Canada,L5C1N9,43.565295,-79.646002,,1990-11-14
204422,Toronto,ON,Canada,M6E1J9,43.682027,-79.446226,,1981-06-08
205055,Mississauga,ON,Canada,L5M5H9,43.572528,-79.70835,,1959-10-25
205290,YORK,ON,Canada,M6C2Y6,43.688239,-79.430417,,1990-11-19
205530,Markham,ON,Canada,L3R8K3,43.868219,-79.344754,,1962-06-16
205843,Toronto,ON,Canada,M6J2K6,43.65007,-79.410129,,1986-02-28
206591,Etobicoke,ON,Canada,M9P1J7,43.68748,-79.525606,,1975-08-19
206667,Mississauga,ON,Canada,L5N4N9,43.598223,-79.717711,,1968-02-19
207793,Mississauga,ON,Canada,L5M3V8,43.587728,-79.706265,,1978-04-27
207919,Toronto,ON,Canada,M6S3B8,43.65841,-79.481245,,1977-11-03
208874,Mississauga,ON,Canada,L5V2V7,43.601919,-79.690234,,1956-11-04
208974,MARKHAM,ON,Canada,L3P1P9,43.873429,-79.276486,,1960-04-29
209305,Toronto,ON,Canada,M4T1T1,43.692225,-79.384228,,1979-04-10
209579,Mississauga,ON,Canada,L5J3N1,43.516896,-79.639309,,1953-08-31
210081,Toronto,ON,Canada,M5T2J4,43.650684,-79.398877,,1993-07-28
210302,MARKHAM,ON,Canada,L3S2J9,43.836556,-79.274021,,1992-09-01
210352,Mississauga,ON,Canada,L5A3C3,43.595741,-79.613326,,1939-02-08
210793,Toronto,ON,Canada,M4K1C5,43.670754,-79.344073,,1946-09-19
211327,Toronto,ON,Canada,M5T2J4,43.650701,-79.398796,,1953-11-04
211549,Toronto,ON,Canada,M4E3X4,43.685567,-79.297156,,1977-04-20
211580,Mississauga,ON,Canada,L5R3N5,43.610699,-79.685943,,1979-10-10
211642,Toronto,ON,Canada,M5A2H8,43.673961,-79.289268,,1993-07-29
211717,Scarborough,ON,Canada,M1M3J3,43.722638,-79.239355,,1978-09-04
211923,Mississauga,ON,Canada,L5V1C9,43.583756,-79.670926,,1968-10-27
212268,Mississauga,ON,Canada,L4W2J8,43.639244,-79.598689,,1987-10-08
212429,TORONTO,ON,Canada,M4E1M4,43.675755,-79.298149,,1964-07-08
212948,EAST YORK,ON,Canada,M4J3J8,43.683909,-79.340703,,1947-04-12
213264,Toronto,ON,Canada,M4V1X4,43.688396,-79.413879,,1969-10-18
214046,Scarborough,ON,Canada,M1R2A3,43.743705,-79.295237,,1994-12-17
214555,Etobicoke,ON,Canada,M9A3T9,43.662997,-79.519985,,1964-12-19
215100,Scarborough,ON,Canada,M1J2K2,43.742481,-79.232961,,1988-02-17
215734,Toronto,ON,Canada,M4M1Z9,43.669269,-79.335111,,1989-02-05
215741,Toronto,ON,Canada,M4M1Z2,43.668175,-79.340917,,1971-04-21
215884,Scarborough,ON,Canada,M1P2W1,43.763539,-79.289363,,1978-06-01
216040,Toronto,ON,Canada,M6N1N3,43.677741,-79.458701,,1980-06-01
216391,Mississauga,ON,Canada,L5G1N3,43.566769,-79.562385,,1987-07-20
216579,Brampton,ON,Canada,L6Y4C5,43.651716,-79.734184,,1992-06-11
216925,Toronto,ON,Canada,M4S2H1,43.70119474,-79.39263609,,1954-02-03
217493,Toronto,ON,Canada,M5T2B2,43.655407,-79.396983,,1959-05-21
218201,Mississauga,ON,Canada,L5L4W2,43.531642,-79.696458,,1991-12-18
219313,Brampton,ON,Canada,L6X2W4,43.692604,-79.771204,,1985-10-01
219839,Mississauga,ON,Canada,L5C1Z8,43.564372,-79.653858,,1988-08-23
220198,Scarborough,ON,Canada,M1R4T1,43.766693,-79.307283,,1980-02-18
220788,Toronto,ON,Canada,M5T1B8,43.651227,-79.395606,,1967-01-13
220846,Mississauga,ON,Canada,L5H4A8,43.539024,-79.604758,,1976-01-08
221009,Toronto,ON,Canada,M6R1H6,43.644912,-79.441977,,1978-03-27
222094,Markham,ON,Canada,L3R8H9,43.868354,-79.346926,,1964-09-04
222361,Mississauga,ON,Canada,L5R3C9,43.605576,-79.682671,,1978-05-26
223968,Toronto,ON,Canada,M5A2V5,43.657416,-79.367934,,1990-04-17
224014,Etobicoke,ON,Canada,M8Z4H6,43.643023,-79.518985,,1988-04-24
224186,Toronto,ON,Canada,M4L1M7,43.661154,-79.441567,,1990-02-16
224396,North York,ON,Canada,M3B3B6,43.750279,-79.363015,,1986-08-11
224653,Etobicoke,ON,Canada,M9C3R8,43.64258318,-79.58085574,,1957-05-12
224737,Mississauga,ON,Canada,L5A3C6,43.592508,-79.619284,,1945-08-13
224754,Mississauga,ON,Canada,L5C1R7,43.560526,-79.665757,,1948-03-17
224800,Toronto,ON,Canada,M4C1E5,43.684125,-79.313035,,1992-02-20
225015,North York,ON,Canada,M6L3G3,43.707139,-79.499816,,1960-06-30
225047,Toronto,ON,Canada,M6H3J9,43.671601,-79.438776,,1968-11-04
225122,EAST YORK,ON,Canada,M4C2P1,43.694596,-79.315387,,1976-04-14
225300,Mississauga,ON,Canada,L5V3A9,43.602769,-79.689304,,1938-03-16
225716,Etobicoke,ON,Canada,M9B4C6,43.642183,-79.538545,,1976-02-07
225989,Mississauga,ON,Canada,L5M5S1,43.56989,-79.738183,,1955-11-26
226593,Brampton,ON,Canada,L6Y2P8,43.655955,-79.750134,,1991-01-09
227422,Scarborough,ON,Canada,M1B4M4,43.815851,-79.213309,,1966-02-11
228450,Etobicoke,ON,Canada,M9W3Z2,43.719337,-79.564356,,1977-03-22
228938,Scarborough,ON,Canada,M1J1K7,43.735952,-79.24623,,1989-05-31
229153,Brampton,ON,Canada,L6Y5C8,43.659914,-79.769821,,1934-04-27
229576,Toronto,ON,Canada,M6R1J4,43.642103,-79.451817,,1939-01-13
230648,Etobicoke,ON,Canada,M8V1R3,43.613227,-79.492212,,1948-07-12
231003,Etobicoke,ON,Canada,M9R3V9,43.677448,-79.56726,,1987-09-30
231045,North York,ON,Canada,M3A0J3,43.754045,-79.335286,,1955-08-29
231091,Milton,ON,Canada,L9T2Y3,43.547938,-79.864407,,1969-07-29
231423,MARKHAM,ON,Canada,L3P5R1,43.888891,-79.267761,,1976-03-17
232352,Mississauga,ON,Canada,L5W1A8,43.629366,-79.719574,,1989-02-08
232611,Toronto,ON,Canada,M4E3G1,43.671217,-79.288397,,1976-01-08
233288,OAKVILLE,ON,Canada,L6J4V2,43.470964,-79.646377,,1992-03-06
233689,Toronto,ON,Canada,M4J3M6,43.674578,-79.334734,,1970-08-29
234178,Toronto,ON,Canada,M4W1R2,43.677235,-79.381972,,1979-03-31
234811,Markham,ON,Canada,L3S3S7,43.857773,-79.249061,,1980-11-11
235958,Mississauga,ON,Canada,L5M7Z8,43.53824,-79.731037,,1989-05-20
236354,North York,ON,Canada,M3L1J5,43.721989,-79.51588,,1986-10-31
236708,North York,ON,Canada,M5M3B9,43.742644,-79.423323,,1990-05-09
236895,Mississauga,ON,Canada,L4X1W7,43.622817,-79.592804,,1962-12-01
237643,Mississauga,ON,Canada,L5L1T7,43.529982,-79.68762,,1947-10-03
237720,Mississauga,ON,Canada,L5C3L6,43.575138,-79.660826,,1990-04-27
237865,ETOBICOKE,ON,Canada,M8V3R6,43.597204,-79.502538,,1952-09-04
238034,UNIONVILLE,ON,Canada,L3R7K6,43.878366,-79.31607,,1960-04-20
238046,Mississauga,ON,Canada,L4Y2T2,43.61215,-79.605655,,1945-03-25
238269,Toronto,ON,Canada,M5T3K9,43.65453531,-79.40563452,,1987-02-08
238355,EAST YORK,ON,Canada,M4K2G4,43.688579,-79.353132,,1977-12-28
238863,North York,ON,Canada,M9M1H6,43.720447,-79.540631,,1958-07-15
238911,Brampton,ON,Canada,L6Y2W4,43.662239,-79.754981,,1977-06-23
240443,EAST YORK,ON,Canada,M4C3G1,43.693036,-79.327518,,1962-04-15
241014,Scarborough,ON,Canada,M1T1E5,43.775329,-79.320166,,1965-11-17
242349,Scarborough,ON,Canada,M1W3H8,43.808011,-79.318336,,1921-05-11
242667,Brampton,ON,Canada,L7A3G3,43.688691,-79.834966,,1973-01-07
243101,Brampton,ON,Canada,L6X4W7,43.679498,-79.806789,,1955-02-14
243132,Mississauga,ON,Canada,L5N6X4,43.566864,-79.771492,,1994-07-19
243304,Mississauga,ON,Canada,L5W1A1,43.629505,-79.731437,,1981-12-15
243655,MARKHAM,ON,Canada,L6E0C3,43.901644,-79.250405,,1994-12-05
243738,Mississauga,ON,Canada,L4W3K9,43.616654,-79.610601,,1969-05-30
245564,Toronto,ON,Canada,M6R2Z7,43.649378,-79.457992,,1966-04-21
245933,Etobicoke,ON,Canada,M9P3K2,43.691462,-79.538466,,1968-02-29
246107,Mississauga,ON,Canada,L5M6C5,43.555072,-79.72285,,1969-10-04
246257,North York,ON,Canada,M2N4L5,43.781847,-79.391988,,1965-07-14
246557,Toronto,ON,Canada,M4J4A6,43.678574,-79.331036,,1987-06-25
246726,TORONTO,ON,Canada,M5W1R6,43.643857,-79.378661,,1957-02-03
246776,Scarborough,ON,Canada,M1T2T1,43.780557,-79.293713,,1990-12-04
246893,Milton,ON,Canada,L9T6C7,43.537004,-79.867341,,1932-05-14
246996,Scarborough,ON,Canada,M1B4N6,43.817902,-79.216586,,1939-05-13
247146,Mississauga,ON,Canada,L5A3L7,43.598743,-79.617388,,1990-04-28
248780,Scarborough,ON,Canada,M1N3E3,43.690251,-79.27083,,1993-10-19
249122,Mississauga,ON,Canada,L5G3V5,43.569703,-79.587122,,1991-12-31
249724,Toronto,ON,Canada,M6S3V9,43.657713,-79.485567,,1971-04-29
250423,Mississauga,ON,Canada,L5M5G2,43.567103,-79.719804,,1923-03-04
251543,Scarborough,ON,Canada,M1B5C8,43.817815,-79.202162,,1989-12-06
251681,Mississauga,ON,Canada,L5K1B9,43.526439,-79.654726,,1977-10-08
252415,Mississauga,ON,Canada,L5N6X6,43.57765,-79.776702,,1940-04-16
252698,Markham,ON,Canada,L3P7E7,43.877597,-79.292166,,1973-09-24
252735,MISSISSAUGA,ON,Canada,L5N5J4,43.5765062,-79.77246792,,1957-09-12
253675,Brampton,ON,Canada,L6Y1Z2,43.669551,-79.750198,,1950-03-25
253706,Brampton,ON,Canada,L6X4N8,43.679771,-79.795102,,1941-11-18
254362,Milton,ON,Canada,L9T6B5,43.529825,-79.859048,,1972-02-23
254417,Toronto,ON,Canada,M4R1L6,43.714363,-79.411512,,1968-03-14
254713,Etobicoke,ON,Canada,M8W3E7,43.592036,-79.529496,,1971-12-09
254769,Scarborough,ON,Canada,M1R2E2,43.744656,-79.293024,,1990-01-23
255800,North York,ON,Canada,M3A2G6,43.765972,-79.33319,,1911-03-03
256037,Brampton,ON,Canada,L6Y4S4,43.649597,-79.752699,,1980-05-23
256609,Toronto,ON,Canada,M4M1Z4,43.668522,-79.338108,,1974-06-12
256640,YORK,ON,Canada,M6C3H1,43.698218,-79.430244,,1977-11-12
256794,Toronto,ON,Canada,M5R2R7,43.671362,-79.403159,,1977-12-28
256894,Mississauga,ON,Canada,L5B4G9,43.575656,-79.631115,,1990-11-07
257436,Toronto,ON,Canada,M6H2Y2,43.6765,-79.434891,,1979-08-25
257851,Mississauga,ON,Canada,L5M6S4,43.560883,-79.74656,,1957-11-01
257899,Brampton,ON,Canada,L6Y2H5,43.661607,-79.73996,,1967-09-10
258050,Mississauga,ON,Canada,L5B3X1,43.576819,-79.63769,,1983-12-16
258244,Etobicoke,ON,Canada,M8Y3L9,43.630501,-79.485367,,1974-04-16
258586,Mississauga,ON,Canada,L4Y2K9,43.607989,-79.60123,,1963-05-23
259028,Mississauga,ON,Canada,L4Y2K7,43.606179,-79.603109,,1960-03-06
259698,Mississauga,ON,Canada,L5E1Y7,43.581378,-79.573626,,1985-08-20
259782,Mississauga,ON,Canada,L5L5R1,43.555421,-79.678023,,1916-03-11
260032,Etobicoke,ON,Canada,M9R3L8,43.681041,-79.563417,,1974-09-11
260350,Mississauga,ON,Canada,L5G4B4,43.572603,-79.582324,,1992-05-24
260826,North York,ON,Canada,M3A0N2,43.754045,-79.335286,,1960-07-04
261695,North York,ON,Canada,M5M2Z2,43.738349,-79.424724,,1981-08-20
261834,MARKHAM,ON,Canada,L6E1W6,43.901889,-79.256487,,1989-01-09
262571,Mississauga,ON,Canada,L5M3C2,43.55617,-79.700268,,1952-02-23
262867,Mississauga,ON,Canada,L4X1X6,43.62293,-79.595674,,1986-06-23
263121,Etobicoke,ON,Canada,M9C1L9,43.627818,-79.574475,,1993-06-15
264105,Mississauga,ON,Canada,L5C2X6,43.554891,-79.635549,,1957-11-11
264263,Toronto,ON,Canada,M4K1V2,43.679493,-79.360551,,1962-12-17
264274,North York,ON,Canada,M6M2Y8,43.704541,-79.48077,,1967-09-12
264284,MARKHAM,ON,Canada,L3S4T4,43.845224,-79.246902,,1975-01-11
264553,MARKHAM,ON,Canada,L3P5E3,43.872955,-79.260176,,1983-06-11
264645,YORK,ON,Canada,M6M3R7,43.693029,-79.47232,,1991-07-20
264835,Mississauga,ON,Canada,L5L1Z2,43.541028,-79.696886,,1950-09-14
264993,Milton,ON,Canada,L9T4K5,43.518968,-79.860569,,1944-12-26
265145,North York,ON,Canada,M5M2W2,43.734398,-79.431022,,1959-03-22
265372,MARKHAM,ON,Canada,L3P7B1,43.88375,-79.287324,,1965-12-12
265889,East York,ON,Canada,M4J4T6,43.689849,-79.329377,,1957-07-05
267261,ETOBICOKE,ON,Canada,M9A5H3,43.6839637,-79.51138141,,1980-11-13
267500,Mississauga,ON,Canada,L4Y2Y1,43.605709,-79.61071,,1983-04-20
267624,Scarborough,ON,Canada,M1M3E5,43.717686,-79.246816,,1978-07-05
267863,Toronto,ON,Canada,M6H3Z9,43.674286,-79.44955,,1965-02-07
268301,Mississauga,ON,Canada,L4Z3T2,43.618478,-79.647091,,1989-06-12
268500,Scarborough,ON,Canada,M1V2J3,43.821783,-79.289925,,1965-12-13
268515,MARKHAM,ON,Canada,L3R9E7,43.866228,-79.35915,,1982-10-23
269301,North York,ON,Canada,M3A1Y5,43.759563,-79.332467,,1932-03-02
269603,North York,ON,Canada,M3A1S4,43.748365,-79.327078,,1992-06-22
270064,YORK,ON,Canada,M6E2V3,43.684763,-79.437714,,1974-04-08
270493,Toronto,ON,Canada,M6R2P5,43.64401,-79.450548,,1980-07-26
270513,Mississauga,ON,Canada,L5G3G1,43.55683606,-79.5857796,,1947-12-15
270589,York,ON,Canada,M6E1N6,43.68663,-79.441096,,1971-11-23
270831,Toronto,ON,Canada,M4L2G5,43.6748867,-79.31606192,,1943-07-12
270915,Pickering,ON,Canada,L1V1L6,43.829311,-79.149887,,1972-09-27
271602,Mississauga,ON,Canada,L5J2K2,43.526278,-79.639973,,1988-10-12
271846,Toronto,ON,Canada,M4S1S2,43.705691,-79.381726,,1987-10-07
271899,Scarborough,ON,Canada,M1B6K4,43.808133,-79.188336,,1947-05-18
272245,MARKHAM,ON,Canada,L6E1Z2,43.90499101,-79.25030216,,1964-01-15
273087,Pickering,ON,Canada,L1V4S3,43.825645,-79.127362,,1976-12-27
273459,Milton,ON,Canada,L9T2X7,43.51306,-79.93239,,1967-04-29
273589,Toronto,ON,Canada,M4T1Z6,43.6884935,-79.3944305,,1968-05-10
273648,Mississauga,ON,Canada,L5L5W6,43.527022,-79.68801,,1966-05-14
273787,Toronto,ON,Canada,M4E3H9,43.676189,-79.289056,,1936-02-18
273926,Etobicoke,ON,Canada,M9W2B6,43.720969,-79.55445,,1954-05-13
273980,Mississauga,ON,Canada,L5M3L5,43.571337,-79.688536,,1965-02-11
274008,MARKHAM,ON,Canada,L6C2T7,43.892359,-79.299032,,1980-11-23
274314,Etobicoke,ON,Canada,M8V1V4,43.608678,-79.487625,,1981-01-13
274423,Toronto,ON,Canada,M5S2R2,43.66075,-79.409326,,1993-06-04
274951,North York,ON,Canada,M3L1H7,43.723595,-79.519482,,1982-03-01
274955,MARKHAM,ON,Canada,L3S1S6,43.830928,-79.284143,,1993-06-05
275295,GEORGETOWN,ON,Canada,L7G5X7,43.650399,-79.908948,,1984-10-14
275824,North York,ON,Canada,M6A2M6,43.722453,-79.444351,,1949-02-18
275931,Toronto,ON,Canada,M5P1A3,43.698113,-79.400516,,1980-08-02
276224,EAST YORK,ON,Canada,M4J4S7,43.686788,-79.328895,,1981-10-20
276586,MARKHAM,ON,Canada,L3R2T4,43.853409,-79.356051,,1985-01-18
277401,Brampton,ON,Canada,L6Y4X2,43.648894,-79.750148,,1973-06-28
278015,GEORGETOWN,ON,Canada,L7G6C3,43.636709,-79.912812,,1992-12-30
278269,MARKHAM,ON,Canada,L6C2W5,43.893887,-79.302594,,1963-12-29
278378,Markham,ON,Canada,L6E1P5,43.898592,-79.287262,,1983-04-01
278425,Toronto,ON,Canada,M4M2A4,43.671926,-79.334862,,1989-11-13
278619,Scarborough,ON,Canada,M1B1E7,43.800294,-79.221682,,1991-01-29
279237,Etobicoke,ON,Canada,M9A3S6,43.661944,-79.527347,,1993-01-30
279401,Mississauga,ON,Canada,L5R1N6,43.599254,-79.658255,,1952-03-22
280019,Mississauga,ON,Canada,L5B3K8,43.58282,-79.639838,,1960-11-24
280471,North York,ON,Canada,M6L1J6,43.705088,-79.502271,,1977-06-13
280664,Etobicoke,ON,Canada,M8Z2Y3,43.642399,-79.510558,,1953-11-21
282572,MISSISSAUGA,ON,Canada,L5B4L4,43.581427,-79.622012,,1968-07-26
283409,MARKHAM,ON,Canada,L6B1A8,43.9077,-79.24212,,1991-07-03
283841,Mississauga,ON,Canada,L5V2A1,43.595418,-79.679762,,1964-11-28
283857,Brampton,ON,Canada,L6X2G9,43.67675304,-79.78053651,,1978-06-05
283940,GEORGETOWN,ON,Canada,L7G1C6,43.645826,-79.887137,,1964-07-19
284320,Etobicoke,ON,Canada,M8X1E9,43.644909,-79.52173,,1972-03-22
284367,MARKHAM,ON,Canada,L3P1T4,43.873149,-79.265977,,1980-03-08
284839,Milton,ON,Canada,L9T6V5,43.514912,-79.83127,,1963-05-04
285236,Mississauga,ON,Canada,L5B1G1,43.57551,-79.614209,,1940-03-30
285350,Toronto,ON,Canada,M4L1T8,43.674662,-79.305007,,1989-02-24
285522,Mississauga,ON,Canada,L5E1G2,43.581031,-79.554433,,1957-10-10
286462,Toronto,ON,Canada,M4P3H6,43.711965,-79.39435,,1985-01-04
286563,Scarborough,ON,Canada,M1P5H4,43.748002,-79.273019,,1984-06-15
286645,TORONTO,ON,Canada,M4P3E4,43.712363,-79.401934,,1969-01-12
286987,Scarborough,ON,Canada,M1J2C3,43.751217,-79.242492,,1970-10-07
287331,North York,ON,Canada,M3M2A2,43.728091,-79.50315,,1935-05-14
287716,MARKHAM,ON,Canada,L6B0P4,43.893528,-79.219616,,1985-07-29
288889,Toronto,ON,Canada,M6G1N5,43.665791,-79.415657,,1986-03-13
289330,Toronto,ON,Canada,M6J1C5,43.64573,-79.407601,,1974-04-13
289698,Mississauga,ON,Canada,L5B4C7,43.577799,-79.637599,,1990-04-19
290851,Toronto,ON,Canada,M4K3A4,43.680012,-79.351546,,1948-03-03
291652,Toronto,ON,Canada,M4K3R2,43.672997,-79.342526,,1957-05-30
291712,GEORGETOWN,ON,Canada,L7G1B4,43.647369,-79.881185,,1968-03-16
292209,Mississauga,ON,Canada,L4X2R2,43.625898,-79.595165,,1964-05-23
292349,Toronto,ON,Canada,M6H2L2,43.674153,-79.444398,,1992-03-30
292360,Toronto,ON,Canada,M6H3A8,43.675982,-79.437514,,1947-06-04
293000,Toronto,ON,Canada,M4L2W9,43.672748,-79.324308,,1983-10-02
293131,Mississauga,ON,Canada,L5M7W2,43.57893,-79.69133,,1979-03-17
293290,Etobicoke,ON,Canada,M9A4G6,43.672397,-79.522028,,1955-11-02
293506,OAKVILLE,ON,Canada,L6H2T8,43.483231,-79.688146,,1931-10-04
293605,Mississauga,ON,Canada,L5M4X1,43.585752,-79.711957,,1964-12-29
294628,Toronto,ON,Canada,M5A2X3,43.658587,-79.366959,,1970-03-16
294965,YORK,ON,Canada,M6M4Y6,43.688849,-79.504517,,1961-08-24
295161,Mississauga,ON,Canada,L5C3R3,43.570394,-79.669786,,1980-06-13
295264,Etobicoke,ON,Canada,M9R3M3,43.691661,-79.559726,,1953-12-08
295862,Brampton,ON,Canada,L6X4T4,43.686222,-79.801482,,1977-10-03
295991,Scarborough,ON,Canada,M1S1M9,43.7864,-79.281861,,1969-12-20
296496,MARKHAM,ON,Canada,L6E1X8,43.900043,-79.245092,,1909-07-21
296599,Toronto,ON,Canada,M6G3J1,43.678394,-79.426252,,1989-10-24
296602,Toronto,ON,Canada,M4W2Z1,43.674886,-79.370027,,1966-06-19
297059,Mississauga,ON,Canada,L5M4Z8,43.594612,-79.712642,,1986-01-13
297228,YORK,ON,Canada,M6E1J4,43.683583,-79.437923,,1975-03-15
297245,MISSISSAUGA,ON,Canada,L5L5G4,43.52302722,-79.69413666,,1980-07-28
297470,MARKHAM,ON,Canada,L6E2B8,43.890324,-79.281149,,1976-08-15
298428,UNIONVILLE,ON,Canada,L3R4Y6,43.869099,-79.293755,,1990-01-30
298653,MARKHAM,ON,Canada,L3S3B6,43.841214,-79.255765,,1978-03-23
298826,BRAMPTON,ON,Canada,L6Y5N4,43.63957,-79.758578,,1982-10-29
298915,NORTH YORK,ON,Canada,M6A0A1,43.718382,-79.455624,,1991-03-23
299257,Mississauga,ON,Canada,L5B2Z1,43.581324,-79.650937,,1956-01-20
300146,Markham,ON,Canada,L6C1R4,43.877802,-79.360489,,1952-09-22
301007,Brampton,ON,Canada,L6Y5M6,43.641077,-79.755526,,1977-02-24
301588,North York,ON,Canada,M2J3M3,43.779658,-79.333005,,1992-11-07
301820,MARKHAM,ON,Canada,L6C2J8,43.88857,-79.296641,,1954-09-19
302295,Toronto,ON,Canada,M6S3B3,43.654057,-79.478997,,1941-02-02
302405,North York,ON,Canada,M3M2M4,43.731487,-79.492849,,1992-02-22
302781,Mississauga,ON,Canada,L5V2X5,43.605461,-79.688953,,1954-12-31
303050,EAST YORK,ON,Canada,M4C5N2,43.69545,-79.302085,,1988-02-27
303077,EAST YORK,ON,Canada,M4G1P5,43.708915,-79.368144,,1947-12-07
303271,Mississauga,ON,Canada,L5B2A2,43.568192,-79.619407,,1976-08-19
303284,Scarborough,ON,Canada,M1V5G7,43.825996,-79.293783,,1987-04-12
303456,Brampton,ON,Canada,L6Y5B1,43.666567,-79.773273,,1994-03-07
304489,Toronto,ON,Canada,M6N5C6,43.672622,-79.47365,,1967-08-24
304730,GEORGETOWN,ON,Canada,L7G5C8,43.64686,-79.916102,,1990-01-17
304969,Milton,ON,Canada,L9T2G9,43.512102,-79.879552,,1983-11-28
305129,Toronto,ON,Canada,M6N5H8,43.674593,-79.467939,,1948-03-13
305280,Scarborough,ON,Canada,M1M3P8,43.73440727,-79.22198664,,1925-05-23
306251,GEORGETOWN,ON,Canada,L7G6B5,43.65427,-79.911077,,1944-03-22
306614,YORK,ON,Canada,M9N1C2,43.695256,-79.510591,,1938-10-10
306814,Toronto,ON,Canada,M4C1V9,43.689679,-79.30566,,1980-01-04
307811,Mississauga,ON,Canada,L4W3H4,43.623851,-79.617371,,1985-02-05
308078,Toronto,ON,Canada,M5J2E2,43.627388,-79.35883,,1972-01-14
308271,Toronto,ON,Canada,M4R1G1,43.709033,-79.408136,,1967-06-08
308501,MARKHAM,ON,Canada,L3S2Y3,43.844007,-79.283661,,1994-02-26
308564,Toronto,ON,Canada,M4N2A5,43.732385,-79.393259,,1971-03-05
308887,North York,ON,Canada,M4A1Y6,43.723292,-79.307388,,1972-06-05
309021,Etobicoke,ON,Canada,M8W1L4,43.59045,-79.540443,,1974-08-17
309365,OAKVILLE,ON,Canada,L6H6W7,43.491621,-79.693868,,1983-11-20
310123,Mississauga,ON,Canada,L5N4K8,43.587662,-79.749062,,1968-02-16
310168,Scarborough,ON,Canada,M1T1W5,43.773644,-79.297843,,1986-10-27
310829,GEORGETOWN,ON,Canada,L7G1P1,43.643227,-79.911432,,1982-04-16
310959,Scarborough,ON,Canada,M1T2Z7,43.797299,-79.302819,,1943-03-14
311905,MISSISSAUGA,ON,Canada,L5M7T4,43.541499,-79.728595,,1964-02-21
311933,Scarborough,ON,Canada,M1M1B2,43.712927,-79.244838,,1972-06-22
312333,MARKHAM,ON,Canada,L3P6T8,43.879711,-79.270126,,1952-08-31
312562,Milton,ON,Canada,L9T1X1,43.522548,-79.885725,,1992-12-08
312775,Mississauga,ON,Canada,L4W3B9,43.629434,-79.609863,,1962-07-23
312812,Toronto,ON,Canada,M8W3L0,43.650217,-79.375437,,1957-08-03
315123,Toronto,ON,Canada,M6B1L8,43.705878,-79.436543,,1987-04-13
315641,Etobicoke,ON,Canada,M8W1A2,43.590723,-79.523777,,1961-03-01
315690,MARKHAM,ON,Canada,L3S3V8,43.843413,-79.262891,,1969-03-10
316056,MARKHAM,ON,Canada,L3R7P9,43.870067,-79.349065,,1961-05-02
316188,Mississauga,ON,Canada,L5W1K6,43.63747,-79.730611,,1982-07-23
317973,Etobicoke,ON,Canada,M9B4A2,43.648118,-79.559937,,1992-02-09
319200,GEORGETOWN,ON,Canada,L7G1Z3,43.65321149,-79.91682625,,1968-08-02
319812,MARKHAM,ON,Canada,L6B0B7,43.856007,-79.222876,,1958-09-08
320523,Toronto,ON,Canada,M4C1A7,43.680828,-79.317555,,1966-06-04
321617,North York,ON,Canada,M3H1H8,43.745508,-79.430843,,1976-12-10
321896,Mississauga,ON,Canada,L5R3N7,43.609729,-79.68609,,1983-05-15
322225,Scarborough,ON,Canada,M1S1C8,43.79109629,-79.29166392,,1988-01-22
323325,Toronto,ON,Canada,M4X1S3,43.668596,-79.368111,,1990-07-04
323446,Etobicoke,ON,Canada,M9R2Z8,43.693757,-79.549349,,1982-05-25
323602,Scarborough,ON,Canada,M1V2A5,43.821444,-79.263152,,1952-03-08
323965,Etobicoke,ON,Canada,M8W3Y6,43.592768,-79.546071,,1984-02-05
324081,SCARBOROUGH,ON,Canada,M1P2T6,43.7574096,-79.273304,,1976-03-16
324349,Toronto,ON,Canada,M5A2T4,43.65999,-79.370029,,1975-06-06
325118,Toronto,ON,Canada,M5P2P7,43.695168,-79.410109,,1986-04-10
325394,Markham,ON,Canada,M6M1R5,43.839096,-79.265866,,1972-05-17
326301,Mississauga,ON,Canada,L5C3R8,43.580182,-79.654381,,1979-02-08
326711,EAST YORK,ON,Canada,M4B2A3,43.712349,-79.301345,,1972-10-30
326881,Scarborough,ON,Canada,M1R2R8,43.7558,-79.299086,,1988-01-31
327177,Toronto,ON,Canada,M4R1G7,43.710312,-79.406676,,1962-04-10
327327,Toronto,ON,Canada,M4E1N6,43.676716,-79.299864,,1982-06-27
327401,EAST YORK,ON,Canada,M4C5G6,43.692475,-79.290987,,1975-06-07
327460,Mississauga,ON,Canada,L5L1Z2,43.541648,-79.696661,,1946-09-01
327493,Toronto,ON,Canada,M5N1H2,43.707417,-79.411576,,1984-06-03
328026,Toronto,ON,Canada,M5N1P6,43.71305531,-79.41174235,,1994-10-04
328199,GEORGETOWN,ON,Canada,L7G5P7,43.629784,-79.887706,,1989-05-27
328218,North York,ON,Canada,M2J4V8,43.771721,-79.322675,,1974-10-17
328659,Mississauga,ON,Canada,L5M2J2,43.579872,-79.701744,,1953-04-05
329004,TORONTO,ON,Canada,M5J2Z9,43.646648,-79.38217,,1939-09-25
329293,YORK,ON,Canada,M6N2J5,43.676325,-79.494341,,1967-05-09
329468,Scarborough,ON,Canada,M1M1V4,43.721631,-79.246812,,1991-09-06
330190,Brampton,ON,Canada,L6Y1Z8,43.674953,-79.75926,,1976-04-08
330248,Scarborough,ON,Canada,M1P1R8,43.753006,-79.285818,,1993-08-20
330303,Brampton,ON,Canada,L6X1Y7,43.664687,-79.755057,,1938-08-28
330431,Mississauga,ON,Canada,L5B1Y5,43.561313,-79.609356,,1972-07-15
330493,Mississauga,ON,Canada,L5G1W6,43.569924,-79.574907,,1958-11-21
330518,MARKHAM,ON,Canada,L6C2M3,43.891951,-79.309113,,1958-03-13
330730,MARKHAM,ON,Canada,L3S3W8,43.860606,-79.252161,,1974-05-05
330872,Mississauga,ON,Canada,L5M3C1,43.556014,-79.699299,,1959-11-18
330875,Pickering,ON,Canada,L1V1L5,43.825804,-79.148276,,1969-10-24
331990,Toronto,ON,Canada,M4J1J3,43.677525,-79.343781,,1992-04-28
333172,Scarborough,ON,Canada,M1W4A1,43.789529,-79.317417,,1959-12-21
333320,Mississauga,ON,Canada,L5M7C4,43.542375,-79.725131,,1971-09-06
333409,Toronto,ON,Canada,M1R3A5,43.711504,-79.467374,,1971-10-15
333676,YORK,ON,Canada,M6M5L6,43.692693,-79.506231,,1993-03-03
333978,Toronto,ON,Canada,M6N3B3,43.679985,-79.465845,,1985-04-03
334054,Oakville,ON,Canada,L6J7K8,43.494301,-79.659916,,1994-08-12
334373,Etobicoke,ON,Canada,M9B2Z4,43.666481,-79.557203,,1958-08-19
334450,CAMPBELLVILLE,ON,Canada,L0P1B0,43.515084,-80.022132,,1984-12-19
334699,Scarborough,ON,Canada,M1B4P7,43.814736,-79.219012,,1971-02-07
336670,Pickering,ON,Canada,L1V1N8,43.816764,-79.127603,,1960-07-28
336728,Toronto,ON,Canada,M4P2R5,43.710383,-79.381259,,1989-10-19
336856,Mississauga,ON,Canada,L5C3V1,43.573431,-79.662809,,1981-11-06
337560,Scarborough,ON,Canada,M1C3S2,43.790167,-79.181291,,1975-07-19
338242,North York,ON,Canada,M6L2V9,43.71994027,-79.49243829,,1966-06-24
338407,Mississauga,ON,Canada,L5M6N4,43.545468,-79.741636,,1988-06-02
338821,TORONTO,ON,Canada,M4T2S5,43.68835,-79.393425,,1970-12-23
339147,Scarborough,ON,Canada,M1B6A6,43.814221,-79.237598,,1981-05-21
340219,Toronto,ON,Canada,M6P3W3,43.66119,-79.449311,,1966-07-30
340623,Acton,ON,Canada,L7J2J5,43.641592,-80.034119,,1980-07-01
340710,Scarborough,ON,Canada,M1C1M8,43.79844,-79.169798,,1950-01-18
341023,Mississauga,ON,Canada,L5M6J4,43.565316,-79.741923,,1932-11-01
341947,MARKHAM,ON,Canada,L3R3H3,43.826895,-79.322484,,1944-10-09
343475,OAKVILLE,ON,Canada,L6J5T1,43.468367,-79.648288,,1970-11-18
343864,MARKHAM,ON,Canada,L3R9H9,43.866658,-79.351621,,1977-04-18
344028,Brampton,ON,Canada,L7A3C3,43.695503,-79.836982,,1973-07-03
344185,Toronto,ON,Canada,M4R1H3,43.710957,-79.408221,,1991-03-26
346209,Mississauga,ON,Canada,L4Y1L2,43.59437,-79.583056,,1962-12-23
348316,Mississauga,ON,Canada,L4Z3C2,43.614223,-79.648453,,1986-10-30
348969,Etobicoke,ON,Canada,M9P2P8,43.701396,-79.542338,,1970-04-01
349306,North York,ON,Canada,M3B1W3,43.751757,-79.360474,,1972-07-06
349480,North York,ON,Canada,M9N3L7,43.709509,-79.526992,,1964-06-06
349492,North York,ON,Canada,M4N1P9,43.726171,-79.387258,,1965-11-08
350554,Toronto,ON,Canada,M6H2P9,43.665524,-79.428281,,1960-01-08
351020,Toronto,ON,Canada,M5P2H6,43.700181,-79.403982,,1966-10-24
351192,MARKHAM,ON,Canada,L6B0L3,43.902522,-79.211266,,1970-05-30
351198,Toronto,ON,Canada,M6R1Y5,43.651264,-79.457241,,1961-10-29
351919,North York,ON,Canada,M3B1K5,43.742183,-79.355787,,1975-12-04
351979,MARKHAM,ON,Canada,L3R9B4,43.861923,-79.356528,,1977-01-13
352214,Milton,ON,Canada,L9T4L1,43.519165,-79.869128,,1967-02-18
352264,Toronto,ON,Canada,M4M3P7,43.663504,-79.343138,,1937-10-08
352365,Mississauga,ON,Canada,L5M4W5,43.586939,-79.710499,,1919-07-11
352411,Toronto,ON,Canada,M4K1A1,43.6671,-79.348933,,1976-12-22
353010,Etobicoke,ON,Canada,M9R2A2,43.682547,-79.558303,,1985-08-15
353313,Milton,ON,Canada,L9T5R9,43.536062,-79.863088,,1964-09-13
353591,ETOBICOKE,ON,Canada,M8W4C6,43.606046,-79.535843,,1992-12-25
354177,Scarborough,ON,Canada,M1T3T2,43.776273,-79.303326,,1940-05-20
354798,MARKHAM,ON,Canada,L6E1N3,43.897197,-79.289075,,1964-10-30
354804,MISSISSAUGA,ON,Canada,L5E3H9,43.57549144,-79.56690218,,1977-04-29
355000,GEORGETOWN,ON,Canada,L7G3T8,43.649858,-79.913395,,1990-05-25
355015,Etobicoke,ON,Canada,M8Y3G7,43.630504,-79.492717,,1971-04-21
355685,TORONTO,ON,Canada,M4M1N7,43.66214599,-79.3412752,,1954-03-27
355702,Scarborough,ON,Canada,M1K3P2,43.728711,-79.259712,,1972-01-02
356293,Scarborough,ON,Canada,M1X1V2,43.82439,-79.21858,,1991-04-18
356878,Mississauga,ON,Canada,L5C4H7,43.569884,-79.673027,,1988-05-15
358287,Mississauga,ON,Canada,L5K1N7,43.53039,-79.669453,,1973-03-01
358607,EAST YORK,ON,Canada,M4G2N7,43.713456,-79.373762,,1976-02-25
359140,Toronto,ON,Canada,M4E2P6,43.676326,-79.300392,,1986-12-30
359681,Milton,ON,Canada,L9T6R5,43.516393,-79.843013,,1980-08-04
360800,North York,ON,Canada,M3A2Z1,43.749312,-79.338746,,1992-01-17
360888,Mississauga,ON,Canada,L5J1C9,43.507591,-79.623988,,1963-02-19
361955,MARKHAM,ON,Canada,L3R3G4,43.822274,-79.323627,,1991-02-22
362043,Toronto,ON,Canada,M4L2B6,43.678787,-79.314017,,1923-10-18
362045,Scarborough,ON,Canada,M1V1M3,43.808283,-79.287527,,1986-05-25
362080,MARKHAM,ON,Canada,L6C1V8,43.871403,-79.350849,,1973-03-23
362099,Scarborough,ON,Canada,M1L1Y9,43.713686,-79.291913,,1992-02-07
362475,Mississauga,ON,Canada,L5M4T1,43.591355,-79.70589,,1975-05-13
363258,Toronto,ON,Canada,M5S2R1,43.661033,-79.409544,,1989-07-26
363897,Toronto,ON,Canada,M6N5G9,43.676361,-79.465825,,1955-02-26
364081,Brampton,ON,Canada,L6Y2G2,43.668827,-79.760046,,1993-10-31
364318,GEORGETOWN,ON,Canada,L7G5G5,43.648013,-79.876175,,1988-02-23
364846,Scarborough,ON,Canada,M1B6B5,43.814777,-79.221803,,1949-09-30
364867,WOODBRIDGE,ON,Canada,L4H0E2,43.677641,-79.815742,,1981-10-25
364974,North York,ON,Canada,M2J3X8,43.776737,-79.331675,,1993-05-06
365115,TORONTO,ON,Canada,M4Y2R9,43.66432923,-79.38197701,,1979-01-12
365795,Toronto,ON,Canada,M6G2L8,43.66369,-79.411964,,1968-03-24
366418,Toronto,ON,Canada,M5B1Y7,43.655315,-79.376499,,1921-11-20
366590,Mississauga,ON,Canada,L5B2R6,43.572065,-79.62373,,1993-08-06
366803,Scarborough,ON,Canada,M1N4C7,43.716722,-79.253019,,1952-08-31
367017,North York,ON,Canada,M3M1E3,43.720184,-79.500075,,1992-10-24
367108,Mississauga,ON,Canada,L4W4C9,43.628851,-79.60264,,1968-12-23
367124,Toronto,ON,Canada,M4L2S6,43.671973,-79.327214,,1994-07-13
367560,Toronto,ON,Canada,M5P1B1,43.69959,-79.408919,,1979-07-22
367722,Toronto,ON,Canada,M5S2H4,43.662864,-79.402265,,1950-08-13
367837,Scarborough,ON,Canada,M1P5H4,43.747454,-79.273802,,1984-02-04
368155,Mississauga,ON,Canada,L5N3G7,43.577408,-79.758302,,1935-10-20
368921,Scarborough,ON,Canada,M1V1M2,43.812915,-79.284496,,1976-05-16
368952,Etobicoke,ON,Canada,M9P3V8,43.685744,-79.528065,,1953-02-27
369211,Toronto,ON,Canada,M6G2J3,43.679325,-79.428531,,1927-01-16
369331,Mississauga,ON,Canada,L5M4Z8,43.594367,-79.712746,,1981-08-21
369353,TORONTO,ON,Canada,M4L1N1,43.66992052,-79.31204801,,1957-05-29
370664,YORK,ON,Canada,M6B3L1,43.703976,-79.444535,,1954-10-31
371095,GEORGETOWN,ON,Canada,L7G2L5,43.65249,-79.928199,,1955-10-29
371455,Mississauga,ON,Canada,L5V1V9,43.594153,-79.703769,,1986-03-15
371502,Toronto,ON,Canada,M4E2H1,43.683921,-79.303044,,1982-10-22
371518,North York,ON,Canada,M4A1L3,43.727389,-79.310136,,1977-10-15
371634,Milton,ON,Canada,L9T1G5,43.506924,-79.885341,,1958-08-27
372342,EAST YORK,ON,Canada,M4J1W9,43.686819,-79.327724,,1957-06-05
372850,Etobicoke,ON,Canada,M8Z2A2,43.625295,-79.518683,,1982-01-04
372964,Scarborough,ON,Canada,M1B2C7,43.798072,-79.237831,,1982-09-25
373919,TORONTO,ON,Canada,M4S1V9,43.70555645,-79.39190179,,1984-08-08
374188,Mississauga,ON,Canada,L5J2G2,43.51387804,-79.65038129,,1974-09-11
374590,Mississauga,ON,Canada,L5B4H9,43.571471,-79.635682,,1977-06-14
374750,Scarborough,ON,Canada,M1S2G9,43.79355,-79.278468,,1971-12-29
375600,Mississauga,ON,Canada,L5N8K5,43.614357,-79.736202,,1983-11-22
375848,Mississauga,ON,Canada,L5M6M2,43.549646,-79.744906,,1976-04-01
376792,Toronto,ON,Canada,M4P2B1,43.715729,-79.394922,,1947-02-10
376847,Scarborough,ON,Canada,M1L3Y2,43.695979,-79.276959,,1975-10-12
376995,Toronto,ON,Canada,M4S1S8,43.706469,-79.377976,,1975-11-08
377046,Etobicoke,ON,Canada,M9W0A4,43.712983,-79.564492,,1976-04-27
377467,Etobicoke,ON,Canada,M8Y2K2,43.641513,-79.502935,,1961-09-01
378235,North York,ON,Canada,M6A3B6,43.713337,-79.458343,,1980-04-13
378359,Mississauga,ON,Canada,L4Z3W4,43.622221,-79.65307,,1958-08-04
379104,Scarborough,ON,Canada,M1N2M6,43.706444,-79.253961,,1975-10-14
379352,EAST YORK,ON,Canada,M4J2K6,43.689176,-79.344789,,1975-08-09
379554,Scarborough,ON,Canada,M1K1Z7,43.716066,-79.26258,,1968-03-29
379627,Etobicoke,ON,Canada,M8W1W1,43.595982,-79.545412,,1977-09-12
380036,Toronto,ON,Canada,M5S1X5,43.665972,-79.407728,,1976-09-29
380408,Milton,ON,Canada,L9T5H8,43.50409,-79.882675,,1991-03-10
381029,Toronto,ON,Canada,M4J2Z5,43.681664,-79.343933,,1994-12-26
381683,Brampton,ON,Canada,L7A3H3,43.686773,-79.824738,,1973-03-18
381884,Scarborough,ON,Canada,M1T1P9,43.78248,-79.31252,,1948-02-15
382004,GEORGETOWN,ON,Canada,L7G5T5,43.641214,-79.927445,,1947-05-02
382816,Scarborough,ON,Canada,M1K2G4,43.721999,-79.273448,,1990-09-09
383081,MARKHAM,ON,Canada,L3S2Y1,43.844418,-79.281772,,1990-02-28
383117,Toronto,ON,Canada,M5T2H7,43.650405,-79.399433,,1985-08-03
383239,Etobicoke,ON,Canada,M9C3N5,43.645563,-79.575594,,1980-06-05
383483,Mississauga,ON,Canada,L5M2P7,43.57671,-79.726653,,1984-05-13
384172,Milton,ON,Canada,L9T3G2,43.527972,-79.885722,,1983-05-12
384962,Mississauga,ON,Canada,L5C4M5,43.582823,-79.660049,,1982-02-18
385181,Toronto,ON,Canada,M6J2K5,43.648785,-79.410022,,1990-10-22
385217,SCARBOROUGH,ON,Canada,M1X2B2,43.837363,-79.233346,,1941-11-15
388026,Brampton,ON,Canada,L6X5A6,43.678937,-79.808852,,1975-08-15
388045,Mississauga,ON,Canada,L5M6X3,43.548651,-79.740708,,1965-02-24
389170,North York,ON,Canada,M6L2V2,43.71093,-79.48968,,1981-07-15
389446,Mississauga,ON,Canada,L5R2C2,43.590071,-79.662374,,1936-10-04
389463,Toronto,ON,Canada,M5N2L8,43.704867,-79.416416,,1987-12-22
389819,Toronto,ON,Canada,M5G2A5,43.65596552,-79.38628803,,1991-11-22
390331,Brampton,ON,Canada,L6Y5S4,43.65888,-79.73858,,1983-07-27
390334,Scarborough,ON,Canada,M1V1Y7,43.818204,-79.281678,,1951-06-19
391372,Scarborough,ON,Canada,M1R4L9,43.765404,-79.314453,,1948-05-19
391672,Mississauga,ON,Canada,L5V1E2,43.583668,-79.668082,,1972-07-24
393119,Scarborough,ON,Canada,M1N2N8,43.710873,-79.253186,,1955-09-15
393175,Toronto,ON,Canada,M4C1V7,43.689388,-79.306947,,1992-08-05
393184,Scarborough,ON,Canada,M1W2A8,43.79519,-79.307576,,1981-10-14
393888,Scarborough,ON,Canada,M1K1W5,43.710932,-79.264814,,1978-08-15
395166,Etobicoke,ON,Canada,M8Y3Y6,43.623455,-79.492877,,1949-08-08
396471,Toronto,ON,Canada,M4S1B4,43.700855,-79.373763,,1985-10-27
396560,Mississauga,ON,Canada,L4X1Z4,43.62931,-79.592724,,1971-09-27
397564,Markham,ON,Canada,L3R2Y3,43.872776,-79.335912,,1895-05-10
398335,Mississauga,ON,Canada,L5B3W7,43.576921,-79.634147,,1979-10-17
398576,NORTH YORK,ON,Canada,M6M2W2,43.704904,-79.474754,,1975-03-13
398671,Mississauga,ON,Canada,L5H4L6,43.545352,-79.602589,,1932-02-16
398999,Etobicoke,ON,Canada,M8Y3H5,43.634685,-79.49384,,1993-06-08
399166,Scarborough,ON,Canada,M1R3R3,43.756358,-79.295594,,1979-07-30
400343,Toronto,ON,Canada,M4S1E1,43.699473,-79.385884,,1983-06-05
401125,Scarborough,ON,Canada,M1M2T4,43.727007,-79.234572,,1981-02-08
401429,BRAMPTON,ON,Canada,L7A3X2,43.69646805,-79.84008051,,1954-08-05
401714,Etobicoke,ON,Canada,M9A3K7,43.656984,-79.528972,,1980-10-29
402001,MARKHAM,ON,Canada,L3R7J8,43.833711,-79.294519,,1986-11-12
402422,Toronto,ON,Canada,M6J1G3,43.64515,-79.414799,,1990-02-14
402440,TORONTO,ON,Canada,M5W1Y7,43.643896,-79.378661,,1964-11-25
402629,Milton,ON,Canada,L9T1C3,43.506137,-79.877995,,1989-09-25
402967,Milton,ON,Canada,L9T5T2,43.510531,-79.833507,,1969-10-13
403308,Toronto,ON,Canada,M4T1T4,43.692521,-79.382827,,1984-09-16
403351,Toronto,ON,Canada,M5S2M6,43.665226,-79.407164,,1965-04-15
403556,North York,ON,Canada,M2P1C6,43.747458,-79.39133,,1989-12-15
404330,Mississauga,ON,Canada,L5W1H1,43.632012,-79.721516,,1983-08-29
404693,Brampton,ON,Canada,L6Y1E6,43.673193,-79.758578,,1975-08-16
405040,Mississauga,ON,Canada,L5N7Z4,43.624936,-79.745383,,1984-05-15
405412,MISSISSAUGA,ON,Canada,L5N2P3,43.59512135,-79.76362802,,1952-08-02
405629,Mississauga,ON,Canada,L5V2C1,43.593854,-79.686549,,1981-10-26
405972,Etobicoke,ON,Canada,M8V2V6,43.611228,-79.496279,,1933-03-20
406205,Scarborough,ON,Canada,M1W3R1,43.817032,-79.330013,,1942-12-18
406485,Toronto,ON,Canada,M6R2W7,43.657605,-79.459848,,1981-02-08
407310,North York,ON,Canada,M3B2K2,43.748488,-79.359857,,1951-01-22
407473,Mississauga,ON,Canada,L5R2W2,43.594888,-79.67088,,1977-07-28
407878,North York,ON,Canada,M2K1X8,43.778074,-79.383174,,1992-09-27
409102,GEORGETOWN,ON,Canada,L7G6N9,43.631786,-79.897415,,1957-12-31
409516,TORONTO,ON,Canada,M4K1A1,43.667453,-79.347396,,1893-02-10
409627,Toronto,ON,Canada,M5R1Z1,43.679481,-79.409396,,1994-03-16
